Workbook

Sheet pfa92
A1: age | B1: qx | C1: alpha | D1: feta | E1: 2020 | F1: qx_2020 | G1: round
A2: 20 | B2: 0.000203 | C2: =IF(A2<60,0.13, IF(A2<=110,1-0.87*((110-A2)/50),1)) -> 0.13 | D2: =IF(A2<60,0.55, IF(A2<=110,0.55*((110-A2)/50)+0.29*((A2-60)/50),0.29)) -> 0.55 | E2: =C2+(1-C2)*(1-D2)^(($E$1-1992)/20) -> 0.4144571 | F2: =B2*E2 -> 8.413479e-05 | G2: =ROUND(F2,6) -> 8.4e-05
A3: 21 | B3: 0.000202 | C3: =IF(A3<60,0.13, IF(A3<=110,1-0.87*((110-A3)/50),1)) -> 0.13 | D3: =IF(A3<60,0.55, IF(A3<=110,0.55*((110-A3)/50)+0.29*((A3-60)/50),0.29)) -> 0.55 | E3: =C3+(1-C3)*(1-D3)^(($E$1-1992)/20) -> 0.4144571 | F3: =B3*E3 -> 8.3720333e-05 | G3: =ROUND(F3,6) -> 8.4e-05
A4: 22 | B4: 0.000202 | C4: =IF(A4<60,0.13, IF(A4<=110,1-0.87*((110-A4)/50),1)) -> 0.13 | D4: =IF(A4<60,0.55, IF(A4<=110,0.55*((110-A4)/50)+0.29*((A4-60)/50),0.29)) -> 0.55 | E4: =C4+(1-C4)*(1-D4)^(($E$1-1992)/20) -> 0.4144571 | F4: =B4*E4 -> 8.3720333e-05 | G4: =ROUND(F4,6) -> 8.4e-05
A5: 23 | B5: 0.000202 | C5: =IF(A5<60,0.13, IF(A5<=110,1-0.87*((110-A5)/50),1)) -> 0.13 | D5: =IF(A5<60,0.55, IF(A5<=110,0.55*((110-A5)/50)+0.29*((A5-60)/50),0.29)) -> 0.55 | E5: =C5+(1-C5)*(1-D5)^(($E$1-1992)/20) -> 0.4144571 | F5: =B5*E5 -> 8.3720333e-05 | G5: =ROUND(F5,6) -> 8.4e-05
A6: 24 | B6: 0.000202 | C6: =IF(A6<60,0.13, IF(A6<=110,1-0.87*((110-A6)/50),1)) -> 0.13 | D6: =IF(A6<60,0.55, IF(A6<=110,0.55*((110-A6)/50)+0.29*((A6-60)/50),0.29)) -> 0.55 | E6: =C6+(1-C6)*(1-D6)^(($E$1-1992)/20) -> 0.4144571 | F6: =B6*E6 -> 8.3720333e-05 | G6: =ROUND(F6,6) -> 8.4e-05
A7: 25 | B7: 0.000203 | C7: =IF(A7<60,0.13, IF(A7<=110,1-0.87*((110-A7)/50),1)) -> 0.13 | D7: =IF(A7<60,0.55, IF(A7<=110,0.55*((110-A7)/50)+0.29*((A7-60)/50),0.29)) -> 0.55 | E7: =C7+(1-C7)*(1-D7)^(($E$1-1992)/20) -> 0.4144571 | F7: =B7*E7 -> 8.413479e-05 | G7: =ROUND(F7,6) -> 8.4e-05
A8: 26 | B8: 0.000204 | C8: =IF(A8<60,0.13, IF(A8<=110,1-0.87*((110-A8)/50),1)) -> 0.13 | D8: =IF(A8<60,0.55, IF(A8<=110,0.55*((110-A8)/50)+0.29*((A8-60)/50),0.29)) -> 0.55 | E8: =C8+(1-C8)*(1-D8)^(($E$1-1992)/20) -> 0.4144571 | F8: =B8*E8 -> 8.4549248e-05 | G8: =ROUND(F8,6) -> 8.5e-05
A9: 27 | B9: 0.000206 | C9: =IF(A9<60,0.13, IF(A9<=110,1-0.87*((110-A9)/50),1)) -> 0.13 | D9: =IF(A9<60,0.55, IF(A9<=110,0.55*((110-A9)/50)+0.29*((A9-60)/50),0.29)) -> 0.55 | E9: =C9+(1-C9)*(1-D9)^(($E$1-1992)/20) -> 0.4144571 | F9: =B9*E9 -> 8.5378162e-05 | G9: =ROUND(F9,6) -> 8.5e-05
A10: 28 | B10: 0.000209 | C10: =IF(A10<60,0.13, IF(A10<=110,1-0.87*((110-A10)/50),1)) -> 0.13 | D10: =IF(A10<60,0.55, IF(A10<=110,0.55*((110-A10)/50)+0.29*((A10-60)/50),0.29)) -> 0.55 | E10: =C10+(1-C10)*(1-D10)^(($E$1-1992)/20) -> 0.4144571 | F10: =B10*E10 -> 8.6621533e-05 | G10: =ROUND(F10,6) -> 8.7e-05
A11: 29 | B11: 0.000212 | C11: =IF(A11<60,0.13, IF(A11<=110,1-0.87*((110-A11)/50),1)) -> 0.13 | D11: =IF(A11<60,0.55, IF(A11<=110,0.55*((110-A11)/50)+0.29*((A11-60)/50),0.29)) -> 0.55 | E11: =C11+(1-C11)*(1-D11)^(($E$1-1992)/20) -> 0.4144571 | F11: =B11*E11 -> 8.7864904e-05 | G11: =ROUND(F11,6) -> 8.8e-05
A12: 30 | B12: 0.000217 | C12: =IF(A12<60,0.13, IF(A12<=110,1-0.87*((110-A12)/50),1)) -> 0.13 | D12: =IF(A12<60,0.55, IF(A12<=110,0.55*((110-A12)/50)+0.29*((A12-60)/50),0.29)) -> 0.55 | E12: =C12+(1-C12)*(1-D12)^(($E$1-1992)/20) -> 0.4144571 | F12: =B12*E12 -> 8.993719e-05 | G12: =ROUND(F12,6) -> 9e-05
A13: 31 | B13: 0.000222 | C13: =IF(A13<60,0.13, IF(A13<=110,1-0.87*((110-A13)/50),1)) -> 0.13 | D13: =IF(A13<60,0.55, IF(A13<=110,0.55*((110-A13)/50)+0.29*((A13-60)/50),0.29)) -> 0.55 | E13: =C13+(1-C13)*(1-D13)^(($E$1-1992)/20) -> 0.4144571 | F13: =B13*E13 -> 9.2009475e-05 | G13: =ROUND(F13,6) -> 9.2e-05
... A102: 120 | B102: 1 | C102: =IF(A102<60,0.13, IF(A102<=110,1-0.87*((110-A102)/50),1)) -> 1 | D102: =IF(A102<60,0.55, IF(A102<=110,0.55*((110-A102)/50)+0.29*((A102-60)/50),0.29)) -> 0.29 | E102: =C102+(1-C102)*(1-D102)^(($E$1-1992)/20) -> 1 | F102: =B102*E102 -> 1 | G102: =ROUND(F102,6) -> 1

Sheet pfa92c20
A1: age | B1: qx
A2: 20 | B2: =pfa92!G2 -> 8.4e-05
A3: 21 | B3: =pfa92!G3 -> 8.4e-05
A4: 22 | B4: =pfa92!G4 -> 8.4e-05
A5: 23 | B5: =pfa92!G5 -> 8.4e-05
A6: 24 | B6: =pfa92!G6 -> 8.4e-05
A7: 25 | B7: =pfa92!G7 -> 8.4e-05
A8: 26 | B8: =pfa92!G8 -> 8.5e-05
A9: 27 | B9: =pfa92!G9 -> 8.5e-05
A10: 28 | B10: =pfa92!G10 -> 8.7e-05
A11: 29 | B11: =pfa92!G11 -> 8.8e-05
A12: 30 | B12: =pfa92!G12 -> 9e-05
A13: 31 | B13: =pfa92!G13 -> 9.2e-05
... A102: 120 | B102: =pfa92!G102 -> 1
